set_path,component_index,true_label_norm
SavedFiles/0137_VDAudio_ICA.set,0,eye
SavedFiles/0137_VDAudio_ICA.set,1,heart
SavedFiles/0137_VDAudio_ICA.set,2,eye
SavedFiles/0137_VDAudio_ICA.set,3,brain
SavedFiles/0137_VDAudio_ICA.set,4,brain
SavedFiles/0137_VDAudio_ICA.set,5,heart
SavedFiles/0137_VDAudio_ICA.set,6,muscle
SavedFiles/0137_VDAudio_ICA.set,7,brain
SavedFiles/0137_VDAudio_ICA.set,8,brain
SavedFiles/0137_VDAudio_ICA.set,9,brain
SavedFiles/0137_VDAudio_ICA.set,10,muscle
SavedFiles/0137_VDAudio_ICA.set,11,muscle
SavedFiles/0137_VDAudio_ICA.set,12,muscle
SavedFiles/0137_VDAudio_ICA.set,13,muscle
SavedFiles/0137_VDAudio_ICA.set,14,brain
SavedFiles/0137_VDAudio_ICA.set,15,muscle
SavedFiles/0137_VDAudio_ICA.set,16,brain
SavedFiles/0137_VDAudio_ICA.set,17,muscle
SavedFiles/0137_VDAudio_ICA.set,18,muscle
SavedFiles/0137_VDAudio_ICA.set,19,muscle
SavedFiles/0137_VDAudio_ICA.set,20,brain
SavedFiles/0137_VDAudio_ICA.set,21,muscle
SavedFiles/0137_VDAudio_ICA.set,22,muscle
SavedFiles/0137_VDAudio_ICA.set,23,muscle
SavedFiles/0137_VDAudio_ICA.set,24,brain
SavedFiles/0137_VDAudio_ICA.set,25,muscle
SavedFiles/0137_VDAudio_ICA.set,26,muscle
SavedFiles/0137_VDAudio_ICA.set,27,brain
SavedFiles/0137_VDAudio_ICA.set,28,muscle
SavedFiles/0137_VDAudio_ICA.set,29,muscle
SavedFiles/0137_VDAudio_ICA.set,30,muscle
